{
  "Bihar": [0.19584915223665222, 17, 32, 1],
  "West Bengal": [0.058790764790764775, 9, 40, 1],
  "Kerala": [0.15601927008177008, 14, 36, 0],
  "Uttar Pradesh": [0.05516190476190478, 9, 38, 3],
  "Haryana": [0.031674362674362674, 5, 41, 4],
  "Tamil Nadu": [0.19590957671957676, 17, 30, 3],
  "Punjab": [0.21479166666666663, 23, 22, 5],
  "Jharkhand": [0.162096161014911, 17, 31, 2],
  "Assam": [0.18365048701298703, 13, 37, 0],
  "Goa": [0.06799970689033188, 9, 38, 3],
  "Maharashtra": [0.0895858585858586, 9, 40, 1],
  "Tripura": [0.14510822510822508, 12, 37, 1],
  "Karnataka": [0.3076707251082251, 21, 29, 0],
  "Telangana": [0.08557702020202021, 9, 39, 2],
  "Gujarat": [0.1563575757575758, 14, 34, 2],
  "Andhra Pradesh": [0.22381994047619044, 15, 35, 0],
  "Odisha": [0.17126904761904757, 15, 33, 2],
  "Madhya Pradesh": [0.10607619047619048, 10, 38, 2],
  "Rajasthan": [0.09311309523809523, 9, 40, 1],
  "Chhattisgarh": [0.1302410173160173, 15, 33, 2],
  "Uttarakhand": [0.11295173160173161, 8, 41, 1],
  "Meghalaya": [0.039433333333333334, 4, 46, 0],
  "Himachal Pradesh": [-0.01904166666666667, 9, 30, 11],
  "Manipur": [0.18677489177489176, 15, 35, 0],
  "Nagaland": [0.018059523809523807, 2, 47, 1],
  "Jammu & Kashmir": [0.12627499852035987, 12, 34, 4],
  "Sikkim": [0.011788359788359813, 7, 40, 3],
  "Mizoram": [0.21300312500000004, 16, 33, 1],
  "Arunanchal Pradesh": [0.25000000000000006, 16, 33, 1]
}
