{
  "Bihar": [0.13224393939393939, 9, 38, 3],
  "West Bengal": [0.05857188208616781, 8, 39, 3],
  "Kerla": [0.1738818820529514, 13, 37, 0],
  "Uttar Pradesh": [0.07762568542568543, 7, 41, 2],
  "Haryana": [0.12580555555555556, 9, 41, 0],
  "Tamil Nadu": [0.18704398148148146, 14, 34, 2],
  "Punjab": [0.159525, 15, 35, 0],
  "Jharkhand": [0.08576984126984129, 10, 38, 2],
  "Assam": [0.11931681096681095, 10, 37, 3],
  "Goa": [0.15660705717893217, 11, 39, 0],
  "Maharashtra": [0.1725109668109668, 11, 38, 1],
  "Tripura": [0.0, 0, 3, 0],
  "Karnatka": [0.18575185185185186, 15, 34, 1],
  "Telengana": [0.14615092893217896, 10, 39, 1],
  "Gujarat": [0.09079047619047617, 8, 41, 1],
  "Andhra Pradesh": [0.14744444444444446, 12, 36, 2],
  "Odisha": [0.10263953823953824, 10, 38, 2],
  "Madhya Pradesh": [0.07763439153439156, 8, 39, 3],
  "Rajasthan": [0.06555446428571428, 5, 44, 1],
  "Chhattisgarh": [0.08458616780045353, 7, 41, 2],
  "Uttarakhand": [0.11621626984126986, 10, 38, 2],
  "Meghalaya": [0.042612723214285705, 3, 44, 3],
  "Himachal Pradesh": [0.10351003787878789, 14, 34, 2],
  "Manipur": [0.2587675324675324, 18, 32, 0],
  "Nagaland": [0.1211205808080808, 7, 43, 0],
  "Jammu and Kashmir": [-7.298113670184403e-5, 13, 28, 9],
  "Sikkim": [0.16411170634920633, 14, 33, 3],
  "Mizoram": [0.049963239538239536, 9, 35, 6],
  "Arunachal Pradesh": [0.10235227272727275, 5, 44, 1]
}
